{
  "": {
    "swift-dependencies": "/home/alumnos/llago/swift/practicas/practicas/ej3/.build/x86_64-unknown-linux-gnu/debug/ej3PackageTests.build/master.swiftdeps"
  },
  "/home/alumnos/llago/swift/practicas/practicas/ej3/Tests/LinuxMain.swift": {
    "dependencies": "/home/alumnos/llago/swift/practicas/practicas/ej3/.build/x86_64-unknown-linux-gnu/debug/ej3PackageTests.build/LinuxMain.d",
    "object": "/home/alumnos/llago/swift/practicas/practicas/ej3/.build/x86_64-unknown-linux-gnu/debug/ej3PackageTests.build/LinuxMain.swift.o",
    "swiftmodule": "/home/alumnos/llago/swift/practicas/practicas/ej3/.build/x86_64-unknown-linux-gnu/debug/ej3PackageTests.build/LinuxMain~partial.swiftmodule",
    "swift-dependencies": "/home/alumnos/llago/swift/practicas/practicas/ej3/.build/x86_64-unknown-linux-gnu/debug/ej3PackageTests.build/LinuxMain.swiftdeps"
  }
}
