{
  "": {
    "swift-dependencies": "/home/alumnos/llago/swift/practicas/practicas/p1/.build/x86_64-unknown-linux-gnu/debug/chat_client.build/master.swiftdeps"
  },
  "/home/alumnos/llago/swift/practicas/practicas/p1/Sources/chat-client/ChatClient.swift": {
    "dependencies": "/home/alumnos/llago/swift/practicas/practicas/p1/.build/x86_64-unknown-linux-gnu/debug/chat_client.build/ChatClient.d",
    "object": "/home/alumnos/llago/swift/practicas/practicas/p1/.build/x86_64-unknown-linux-gnu/debug/chat_client.build/ChatClient.swift.o",
    "swiftmodule": "/home/alumnos/llago/swift/practicas/practicas/p1/.build/x86_64-unknown-linux-gnu/debug/chat_client.build/ChatClient~partial.swiftmodule",
    "swift-dependencies": "/home/alumnos/llago/swift/practicas/practicas/p1/.build/x86_64-unknown-linux-gnu/debug/chat_client.build/ChatClient.swiftdeps"
  },
  "/home/alumnos/llago/swift/practicas/practicas/p1/Sources/chat-client/main.swift": {
    "dependencies": "/home/alumnos/llago/swift/practicas/practicas/p1/.build/x86_64-unknown-linux-gnu/debug/chat_client.build/main.d",
    "object": "/home/alumnos/llago/swift/practicas/practicas/p1/.build/x86_64-unknown-linux-gnu/debug/chat_client.build/main.swift.o",
    "swiftmodule": "/home/alumnos/llago/swift/practicas/practicas/p1/.build/x86_64-unknown-linux-gnu/debug/chat_client.build/main~partial.swiftmodule",
    "swift-dependencies": "/home/alumnos/llago/swift/practicas/practicas/p1/.build/x86_64-unknown-linux-gnu/debug/chat_client.build/main.swiftdeps"
  }
}
