{
  "": {
    "swift-dependencies": "/home/alumnos/llago/swift/practicas/practicas/p1/.build/x86_64-unknown-linux-gnu/debug/Socket.build/master.swiftdeps"
  },
  "/home/alumnos/llago/swift/practicas/practicas/p1/.build/checkouts/BlueSocket/Sources/Socket/Socket.swift": {
    "dependencies": "/home/alumnos/llago/swift/practicas/practicas/p1/.build/x86_64-unknown-linux-gnu/debug/Socket.build/Socket.d",
    "object": "/home/alumnos/llago/swift/practicas/practicas/p1/.build/x86_64-unknown-linux-gnu/debug/Socket.build/Socket.swift.o",
    "swiftmodule": "/home/alumnos/llago/swift/practicas/practicas/p1/.build/x86_64-unknown-linux-gnu/debug/Socket.build/Socket~partial.swiftmodule",
    "swift-dependencies": "/home/alumnos/llago/swift/practicas/practicas/p1/.build/x86_64-unknown-linux-gnu/debug/Socket.build/Socket.swiftdeps"
  },
  "/home/alumnos/llago/swift/practicas/practicas/p1/.build/checkouts/BlueSocket/Sources/Socket/SocketProtocols.swift": {
    "dependencies": "/home/alumnos/llago/swift/practicas/practicas/p1/.build/x86_64-unknown-linux-gnu/debug/Socket.build/SocketProtocols.d",
    "object": "/home/alumnos/llago/swift/practicas/practicas/p1/.build/x86_64-unknown-linux-gnu/debug/Socket.build/SocketProtocols.swift.o",
    "swiftmodule": "/home/alumnos/llago/swift/practicas/practicas/p1/.build/x86_64-unknown-linux-gnu/debug/Socket.build/SocketProtocols~partial.swiftmodule",
    "swift-dependencies": "/home/alumnos/llago/swift/practicas/practicas/p1/.build/x86_64-unknown-linux-gnu/debug/Socket.build/SocketProtocols.swiftdeps"
  },
  "/home/alumnos/llago/swift/practicas/practicas/p1/.build/checkouts/BlueSocket/Sources/Socket/SocketUtils.swift": {
    "dependencies": "/home/alumnos/llago/swift/practicas/practicas/p1/.build/x86_64-unknown-linux-gnu/debug/Socket.build/SocketUtils.d",
    "object": "/home/alumnos/llago/swift/practicas/practicas/p1/.build/x86_64-unknown-linux-gnu/debug/Socket.build/SocketUtils.swift.o",
    "swiftmodule": "/home/alumnos/llago/swift/practicas/practicas/p1/.build/x86_64-unknown-linux-gnu/debug/Socket.build/SocketUtils~partial.swiftmodule",
    "swift-dependencies": "/home/alumnos/llago/swift/practicas/practicas/p1/.build/x86_64-unknown-linux-gnu/debug/Socket.build/SocketUtils.swiftdeps"
  }
}
