{
  "": {
    "swift-dependencies": "/home/alumnos/llago/swift/practicas/practicas/ej3/.build/x86_64-unknown-linux-gnu/debug/Pruebas.build/master.swiftdeps"
  },
  "/home/alumnos/llago/swift/practicas/practicas/ej3/Sources/Pruebas/main.swift": {
    "dependencies": "/home/alumnos/llago/swift/practicas/practicas/ej3/.build/x86_64-unknown-linux-gnu/debug/Pruebas.build/main.d",
    "object": "/home/alumnos/llago/swift/practicas/practicas/ej3/.build/x86_64-unknown-linux-gnu/debug/Pruebas.build/main.swift.o",
    "swiftmodule": "/home/alumnos/llago/swift/practicas/practicas/ej3/.build/x86_64-unknown-linux-gnu/debug/Pruebas.build/main~partial.swiftmodule",
    "swift-dependencies": "/home/alumnos/llago/swift/practicas/practicas/ej3/.build/x86_64-unknown-linux-gnu/debug/Pruebas.build/main.swiftdeps"
  }
}
